{
  "suite_name": "full_rust",
  "created_at": "2026-03-30T21:03:47.037397600+00:00",
  "scenarios": [
    {
      "scenario_name": "base",
      "replications": 10,
      "throughput": {
        "mean": 1.9830555555555556,
        "min": 1.9583333333333333,
        "max": 2.0411111111111113
      },
      "loss_probability": {
        "mean": 0.0002518961088550116,
        "min": 0.0,
        "max": 0.0005636978579481398
      },
      "mean_num_jobs": {
        "mean": 1.6343179421133673,
        "min": 1.5713462057272958,
        "max": 1.742743285151943
      },
      "mean_occupied_resource": {
        "mean": 3.274519510554119,
        "min": 3.126095591361633,
        "max": 3.462515036136551
      },
      "runs": [
        {
          "scenario_name": "base",
          "replication_index": 0,
          "seed": 11400714819323198527,
          "total_time": 2000.0,
          "warmup_time": 200.0,
          "mean_num_jobs": 1.742743285151943,
          "mean_occupied_resource": 3.462515036136551,
          "accepted_arrivals": 3679,
          "rejected_arrivals": 0,
          "rejected_capacity": 0,
          "rejected_server": 0,
          "rejected_resource": 0,
          "completed_jobs": 3674,
          "throughput": 2.0411111111111113,
          "loss_probability": 0.0,
          "pi_hat": [
            0.18656007333005245,
            0.2999699207854024,
            0.26014130200167107,
            0.14828347120791596,
            0.06612415449513923,
            0.026228738689395403,
            0.008325764761821404,
            0.003042968084689903,
            0.0011677896470563256,
            0.0001558169968558016,
            0.0
          ]
        },
        {
          "scenario_name": "base",
          "replication_index": 1,
          "seed": 4354685564936845312,
          "total_time": 2000.0,
          "warmup_time": 200.0,
          "mean_num_jobs": 1.5831334484228838,
          "mean_occupied_resource": 3.175310784543239,
          "accepted_arrivals": 3526,
          "rejected_arrivals": 1,
          "rejected_capacity": 0,
          "rejected_server": 0,
          "rejected_resource": 1,
          "completed_jobs": 3525,
          "throughput": 1.9583333333333333,
          "loss_probability": 0.0002835270768358378,
          "pi_hat": [
            0.2199390643457243,
            0.3212414450946828,
            0.2438566110467851,
            0.12700730429935542,
            0.05846407436481807,
            0.021081317615627235,
            0.0064422941435695845,
            0.0009919212849833691,
            0.0005592213198091637,
            0.0003444664620638428,
            0.00007228002258115238
          ]
        },
        {
          "scenario_name": "base",
          "replication_index": 2,
          "seed": 15755400384260043797,
          "total_time": 2000.0,
          "warmup_time": 200.0,
          "mean_num_jobs": 1.6232708421228967,
          "mean_occupied_resource": 3.242759404720886,
          "accepted_arrivals": 3538,
          "rejected_arrivals": 1,
          "rejected_capacity": 0,
          "rejected_server": 0,
          "rejected_resource": 1,
          "completed_jobs": 3536,
          "throughput": 1.9644444444444444,
          "loss_probability": 0.00028256569652444194,
          "pi_hat": [
            0.21332860096462838,
            0.3143871484014396,
            0.24848932153009382,
            0.1343180436220957,
            0.05624917436930194,
            0.020515085683221614,
            0.009424992741245843,
            0.0021895065501290546,
            0.0004965399511747629,
            0.0004858898727983135,
            0.000115696313870962
          ]
        },
        {
          "scenario_name": "base",
          "replication_index": 3,
          "seed": 8709371129873690750,
          "total_time": 2000.0,
          "warmup_time": 200.0,
          "mean_num_jobs": 1.5713462057272958,
          "mean_occupied_resource": 3.126095591361633,
          "accepted_arrivals": 3541,
          "rejected_arrivals": 0,
          "rejected_capacity": 0,
          "rejected_server": 0,
          "rejected_resource": 0,
          "completed_jobs": 3538,
          "throughput": 1.9655555555555555,
          "loss_probability": 0.0,
          "pi_hat": [
            0.2304624228994146,
            0.3052518023707395,
            0.24693924018876318,
            0.13322371345610914,
            0.056501614273297224,
            0.0209795096832267,
            0.005185206761297836,
            0.0011223864036194995,
            0.00033410396353234417,
            0.0,
            0.0
          ]
        },
        {
          "scenario_name": "base",
          "replication_index": 4,
          "seed": 1663341875487337539,
          "total_time": 2000.0,
          "warmup_time": 200.0,
          "mean_num_jobs": 1.5969718426566524,
          "mean_occupied_resource": 3.1647832643811205,
          "accepted_arrivals": 3540,
          "rejected_arrivals": 1,
          "rejected_capacity": 0,
          "rejected_server": 0,
          "rejected_resource": 1,
          "completed_jobs": 3539,
          "throughput": 1.9661111111111111,
          "loss_probability": 0.0002824060999717594,
          "pi_hat": [
            0.22783971006094858,
            0.3036429052582228,
            0.24152967868875305,
            0.14057592797429902,
            0.057880055647425745,
            0.019037934227408883,
            0.005982388520099436,
            0.0025688834633549127,
            0.0005297855008684375,
            0.0004102035859341413,
            2.5270726849966096e-6
          ]
        },
        {
          "scenario_name": "base",
          "replication_index": 5,
          "seed": 13064056694810536020,
          "total_time": 2000.0,
          "warmup_time": 200.0,
          "mean_num_jobs": 1.6906560943983286,
          "mean_occupied_resource": 3.3915514551446115,
          "accepted_arrivals": 3665,
          "rejected_arrivals": 2,
          "rejected_capacity": 0,
          "rejected_server": 0,
          "rejected_resource": 2,
          "completed_jobs": 3664,
          "throughput": 2.0355555555555553,
          "loss_probability": 0.000545404963185165,
          "pi_hat": [
            0.1979032957674762,
            0.31172000331817856,
            0.24380885704135805,
            0.14705460267418813,
            0.06382178424227115,
            0.023709285087800964,
            0.008426825509599575,
            0.0026827173638308307,
            0.0008726289952965279,
            0.0,
            0.0
          ]
        },
        {
          "scenario_name": "base",
          "replication_index": 6,
          "seed": 6018027440424182969,
          "total_time": 2000.0,
          "warmup_time": 200.0,
          "mean_num_jobs": 1.599970095012003,
          "mean_occupied_resource": 3.156021589524762,
          "accepted_arrivals": 3534,
          "rejected_arrivals": 1,
          "rejected_capacity": 0,
          "rejected_server": 0,
          "rejected_resource": 1,
          "completed_jobs": 3532,
          "throughput": 1.9622222222222223,
          "loss_probability": 0.0002828854314002829,
          "pi_hat": [
            0.2168298678744658,
            0.30963966175299773,
            0.25137816041641886,
            0.13771214990180713,
            0.058506926142673464,
            0.01851315922859273,
            0.004960356655658731,
            0.001750717655509517,
            0.0005540048623155118,
            0.0001549955095605229,
            0.0
          ]
        },
        {
          "scenario_name": "base",
          "replication_index": 7,
          "seed": 17418742259747381378,
          "total_time": 2000.0,
          "warmup_time": 200.0,
          "mean_num_jobs": 1.6123725430546103,
          "mean_occupied_resource": 3.2679632212653904,
          "accepted_arrivals": 3557,
          "rejected_arrivals": 0,
          "rejected_capacity": 0,